model,window,predicted_label,prob_No Flare,prob_B,prob_C,prob_M,prob_X
solarflare_tcn_oversampled_classweight_ws2.h5,0-1,X,0.00045580684673041105,0.07285235077142715,0.09490060061216354,0.0887642428278923,0.7430269718170166
solarflare_tcn_oversampled_classweight_ws2.h5,1-2,B,0.0014219380682334304,0.28361111879348755,0.23474396765232086,0.24773354828357697,0.2324894368648529
solarflare_tcn_oversampled_classweight_ws2.h5,2-3,X,0.00019852787954732776,0.026813261210918427,0.032042037695646286,0.020601477473974228,0.9203447103500366
solarflare_tcn_oversampled_classweight_ws2.h5,3-4,X,0.001893925596959889,0.2707470953464508,0.1645103394985199,0.13277636468410492,0.43007227778434753
solarflare_tcn_oversampled_classweight_ws2.h5,4-5,B,0.0019237555097788572,0.49726906418800354,0.21135812997817993,0.21234971284866333,0.0770992785692215
solarflare_tcn_oversampled_classweight_ws2.h5,5-6,B,0.0008682436309754848,0.48439884185791016,0.19491639733314514,0.17114217579364777,0.1486743539571762
solarflare_tcn_oversampled_classweight_ws2.h5,6-7,M,0.01871440000832081,0.16225096583366394,0.1336476057767868,0.6746551990509033,0.010731766000390053
solarflare_tcn_oversampled_classweight_ws2.h5,7-8,X,1.38773415869764e-07,8.162601261574309e-07,2.258886888739653e-05,2.5118724806816317e-05,0.9999513626098633
solarflare_tcn_oversampled_classweight_ws2.h5,8-9,B,0.005113090854138136,0.514502227306366,0.18496787548065186,0.12897959351539612,0.1664373278617859
solarflare_tcn_oversampled_classweight_ws2.h5,9-10,B,0.0061058057472109795,0.6704585552215576,0.15633314847946167,0.12477508187294006,0.042327411472797394
solarflare_tcn_oversampled_classweight_ws2.h5,10-11,B,0.004182287026196718,0.546012282371521,0.15307378768920898,0.09720081835985184,0.19953083992004395
solarflare_tcn_oversampled_classweight_ws2.h5,11-12,B,0.0019820164889097214,0.6455979943275452,0.16685768961906433,0.16538718342781067,0.020175177603960037
solarflare_tcn_oversampled_classweight_ws2.h5,12-13,B,0.0015303372638300061,0.6843879818916321,0.15829479694366455,0.11655519157648087,0.03923175111413002
solarflare_tcn_oversampled_classweight_ws2.h5,13-14,B,0.0020186949986964464,0.7005695700645447,0.15220564603805542,0.09400511533021927,0.05120093747973442
solarflare_tcn_oversampled_classweight_ws2.h5,14-15,B,0.0017967474414035678,0.6467603445053101,0.16898062825202942,0.14216601848602295,0.040296219289302826
solarflare_tcn_oversampled_classweight_ws2.h5,15-16,B,0.0012326112482696772,0.47087615728378296,0.20409700274467468,0.19665662944316864,0.12713761627674103
solarflare_tcn_oversampled_classweight_ws2.h5,16-17,X,0.0013731429353356361,0.2166580706834793,0.15617874264717102,0.11367150396108627,0.5121185779571533
solarflare_tcn_oversampled_classweight_ws2.h5,17-18,X,0.0019896135199815035,0.32101762294769287,0.1902318000793457,0.1581740826368332,0.3285869359970093
solarflare_tcn_oversampled_classweight_ws2.h5,18-19,X,0.002789882943034172,0.1395014077425003,0.09760184586048126,0.05131638050079346,0.7087905406951904
solarflare_tcn_oversampled_classweight_ws2.h5,19-20,B,0.006435981951653957,0.5812978148460388,0.17870886623859406,0.10852641612291336,0.1250307857990265
solarflare_tcn_oversampled_classweight_ws2.h5,20-21,B,0.0034855615813285112,0.47212502360343933,0.18667994439601898,0.12961578369140625,0.20809364318847656
solarflare_tcn_oversampled_classweight_ws2.h5,21-22,X,0.002352701732888818,0.28961625695228577,0.20377953350543976,0.19019891321659088,0.31405261158943176
solarflare_tcn_oversampled_classweight_ws2.h5,22-23,B,0.0042111934162676334,0.3391481339931488,0.21248546242713928,0.19361773133277893,0.2505374550819397
solarflare_tcn_oversampled_classweight_ws4.h5,0-3,No Flare,0.5810239315032959,0.3384144902229309,0.017841242253780365,0.04691597446799278,0.015804294496774673
solarflare_tcn_oversampled_classweight_ws4.h5,1-4,B,0.41999298334121704,0.48887568712234497,0.029808655381202698,0.015528012067079544,0.045794740319252014
solarflare_tcn_oversampled_classweight_ws4.h5,2-5,No Flare,0.6118448972702026,0.3664097487926483,0.01851736567914486,0.00138564920052886,0.0018423347501084208
solarflare_tcn_oversampled_classweight_ws4.h5,3-6,B,0.4645842909812927,0.5080796480178833,0.02653762325644493,0.00018348249432165176,0.0006149077089503407
solarflare_tcn_oversampled_classweight_ws4.h5,4-7,No Flare,0.9901753067970276,0.0002182420575991273,7.752626515866723e-06,2.3864451577537693e-05,0.009574765339493752
solarflare_tcn_oversampled_classweight_ws4.h5,5-8,M,0.12044848501682281,0.03944665566086769,0.022757120430469513,0.8132778406143188,0.00406990572810173
solarflare_tcn_oversampled_classweight_ws4.h5,6-9,No Flare,0.970291793346405,0.027895115315914154,0.00026926546706818044,0.0014740220503881574,6.979956378927454e-05
solarflare_tcn_oversampled_classweight_ws4.h5,7-10,No Flare,0.5767644643783569,0.33790114521980286,0.019903911277651787,0.06406138092279434,0.0013690919149667025
solarflare_tcn_oversampled_classweight_ws4.h5,8-11,No Flare,0.6503856778144836,0.3417148292064667,0.006634638644754887,0.0005333072622306645,0.0007315547554753721
solarflare_tcn_oversampled_classweight_ws4.h5,9-12,B,0.4815899133682251,0.5011674761772156,0.015405736863613129,0.0012453712988644838,0.000591516902204603
solarflare_tcn_oversampled_classweight_ws4.h5,10-13,No Flare,0.8215237855911255,0.1736990362405777,0.00454559875652194,0.00015561201144009829,7.603505946462974e-05
solarflare_tcn_oversampled_classweight_ws4.h5,11-14,No Flare,0.8292072415351868,0.16672100126743317,0.004048160742968321,1.3540424333768897e-05,1.0032923455582932e-05
solarflare_tcn_oversampled_classweight_ws4.h5,12-15,No Flare,0.8814160227775574,0.11619246006011963,0.0023831287398934364,5.976983175060013e-06,2.4295788989547873e-06
solarflare_tcn_oversampled_classweight_ws4.h5,13-16,No Flare,0.802187979221344,0.19094572961330414,0.006805990356951952,4.332306343712844e-05,1.701994005998131e-05
solarflare_tcn_oversampled_classweight_ws4.h5,14-17,No Flare,0.8923930525779724,0.10490820556879044,0.0026195666287094355,4.2844400013564155e-05,3.642362207756378e-05
solarflare_tcn_oversampled_classweight_ws4.h5,15-18,No Flare,0.7728008031845093,0.22230590879917145,0.004457551520317793,0.00018280638323631138,0.0002529825724195689
solarflare_tcn_oversampled_classweight_ws4.h5,16-19,No Flare,0.7850052118301392,0.20877358317375183,0.0059907687827944756,0.00010538594506215304,0.0001250239001819864
solarflare_tcn_oversampled_classweight_ws4.h5,17-20,No Flare,0.5944185256958008,0.3882617950439453,0.016664894297719002,0.00027234843582846224,0.00038240879075601697
solarflare_tcn_oversampled_classweight_ws4.h5,18-21,No Flare,0.6693586707115173,0.31612226366996765,0.01402077917009592,0.000211696868063882,0.00028663079137913883
solarflare_tcn_oversampled_classweight_ws4.h5,19-22,No Flare,0.6276663541793823,0.3461226522922516,0.0238218791782856,0.0009976441506296396,0.0013914246810600162
solarflare_tcn_oversampled_classweight_ws4.h5,20-23,No Flare,0.6866180300712585,0.28512099385261536,0.015838921070098877,0.006792654749006033,0.005629485938698053
solarflare_tcn_oversampled_classweight_ws5.h5,0-4,X,2.5888816423957905e-08,0.00025501433992758393,0.0003094912972301245,2.934325129899662e-05,0.999406099319458
solarflare_tcn_oversampled_classweight_ws5.h5,1-5,X,9.224662562701269e-07,0.000980090582743287,0.0008961765561252832,4.985543273505755e-05,0.9980729818344116
solarflare_tcn_oversampled_classweight_ws5.h5,2-6,X,0.000975601258687675,0.11307426542043686,0.10304805636405945,0.10790151357650757,0.6750006079673767
solarflare_tcn_oversampled_classweight_ws5.h5,3-7,X,0.016967441886663437,0.07197742909193039,0.06071426346898079,0.30262771248817444,0.5477131605148315
solarflare_tcn_oversampled_classweight_ws5.h5,4-8,M,0.0010574705665931106,0.03167211636900902,0.03245222195982933,0.9142211675643921,0.02059716358780861
solarflare_tcn_oversampled_classweight_ws5.h5,5-9,M,0.0004979271325282753,0.021695801988244057,0.026440313085913658,0.9391474723815918,0.012218399904668331
solarflare_tcn_oversampled_classweight_ws5.h5,6-10,M,0.003043765900656581,0.24737384915351868,0.07063012570142746,0.35111314058303833,0.32783910632133484
solarflare_tcn_oversampled_classweight_ws5.h5,7-11,X,3.862844096147455e-05,0.009267161600291729,0.004403144121170044,0.0025969375856220722,0.9836941361427307
solarflare_tcn_oversampled_classweight_ws5.h5,8-12,M,0.0003006317710969597,0.1374766230583191,0.08841262757778168,0.42253032326698303,0.35127973556518555
solarflare_tcn_oversampled_classweight_ws5.h5,9-13,X,8.890587923815474e-05,0.10310100018978119,0.09118522703647614,0.32531604170799255,0.4803088307380676
solarflare_tcn_oversampled_classweight_ws5.h5,10-14,X,1.4641973393736407e-05,0.050404585897922516,0.04376094415783882,0.09364064782857895,0.8121791481971741
solarflare_tcn_oversampled_classweight_ws5.h5,11-15,M,4.887998875346966e-05,0.05708123371005058,0.06138746812939644,0.5563461780548096,0.32513627409935
solarflare_tcn_oversampled_classweight_ws5.h5,12-16,M,3.442052047830657e-06,0.023376215249300003,0.03806431218981743,0.9081067442893982,0.03044927679002285
solarflare_tcn_oversampled_classweight_ws5.h5,13-17,X,4.442842055141227e-06,0.020219281315803528,0.03520079329609871,0.36058011651039124,0.5839954018592834
solarflare_tcn_oversampled_classweight_ws5.h5,14-18,X,9.552313713356853e-06,0.013603598810732365,0.023331739008426666,0.12491974979639053,0.8381354212760925
solarflare_tcn_oversampled_classweight_ws5.h5,15-19,X,1.2834590052079875e-05,0.016436241567134857,0.04188297688961029,0.4194984436035156,0.5221694707870483
solarflare_tcn_oversampled_classweight_ws5.h5,16-20,X,2.5430904315726366e-06,0.011299967765808105,0.02067021280527115,0.09089358896017075,0.8771336674690247
solarflare_tcn_oversampled_classweight_ws5.h5,17-21,X,9.252152608496544e-07,0.00338318245485425,0.006375346798449755,0.017390510067343712,0.9728500843048096
solarflare_tcn_oversampled_classweight_ws5.h5,18-22,X,3.930410002794815e-06,0.006737240590155125,0.01673373207449913,0.049137044697999954,0.927388072013855
solarflare_tcn_oversampled_classweight_ws5.h5,19-23,X,4.596015514835017e-06,0.008639287203550339,0.02007373608648777,0.0706787183880806,0.9006036520004272
solarflare_tcn_oversampled_logscaled_ws2.h5,0-1,C,3.7546286080214486e-07,0.0022859906312078238,0.6227303147315979,0.3659690022468567,0.009014294482767582
solarflare_tcn_oversampled_logscaled_ws2.h5,1-2,M,1.3393592901422835e-08,0.0014669100055471063,0.3811870515346527,0.6169247031211853,0.000421364966314286
solarflare_tcn_oversampled_logscaled_ws2.h5,2-3,C,4.1927691540877277e-07,0.0028993417508900166,0.6908273696899414,0.2439589649438858,0.062314003705978394
solarflare_tcn_oversampled_logscaled_ws2.h5,3-4,C,5.47958097740775e-06,0.008228003047406673,0.7541114687919617,0.05704061686992645,0.1806144416332245
solarflare_tcn_oversampled_logscaled_ws2.h5,4-5,C,7.183784589415154e-08,0.004294754937291145,0.5800662636756897,0.41522592306137085,0.0004130504676140845
solarflare_tcn_oversampled_logscaled_ws2.h5,5-6,M,4.395711883375952e-08,0.0027187555097043514,0.4349343180656433,0.5605068206787109,0.0018400108674541116
solarflare_tcn_oversampled_logscaled_ws2.h5,6-7,C,0.04125923663377762,0.0011510996846482158,0.955406129360199,0.0021647391840815544,1.8760707462206483e-05
solarflare_tcn_oversampled_logscaled_ws2.h5,7-8,X,0.0007615035865455866,0.01833355985581875,0.04668816551566124,6.082730408252246e-08,0.9342166781425476
solarflare_tcn_oversampled_logscaled_ws2.h5,8-9,C,0.00012263386452104896,0.036002978682518005,0.7988436222076416,0.16293743252754211,0.002093359362334013
solarflare_tcn_oversampled_logscaled_ws2.h5,9-10,M,2.4430178200418595e-06,0.033841025084257126,0.4597143232822418,0.5062763094902039,0.00016585347475484014
solarflare_tcn_oversampled_logscaled_ws2.h5,10-11,C,0.00011840983643196523,0.03635929897427559,0.7844496965408325,0.16348552703857422,0.015587040223181248
solarflare_tcn_oversampled_logscaled_ws2.h5,11-12,C,6.298456582953804e-07,0.025964386761188507,0.5588256120681763,0.4151853322982788,2.4072269297903404e-05
solarflare_tcn_oversampled_logscaled_ws2.h5,12-13,C,1.531515590613708e-05,0.0533173643052578,0.6693437695503235,0.2772119343280792,0.00011163598537677899
solarflare_tcn_oversampled_logscaled_ws2.h5,13-14,C,7.647590223314182e-07,0.05346593260765076,0.4960845410823822,0.45044025778770447,8.475405593344476e-06
solarflare_tcn_oversampled_logscaled_ws2.h5,14-15,M,5.229402404438588e-07,0.010044274851679802,0.4622747004032135,0.5275784134864807,0.0001020772906485945
solarflare_tcn_oversampled_logscaled_ws2.h5,15-16,M,6.235828298173374e-09,0.003886559046804905,0.3248305320739746,0.6712756752967834,7.203394488897175e-06
solarflare_tcn_oversampled_logscaled_ws2.h5,16-17,C,4.368661029729992e-05,0.036307841539382935,0.6752147078514099,0.2826073169708252,0.005826551467180252
solarflare_tcn_oversampled_logscaled_ws2.h5,17-18,C,7.806013854860794e-06,0.026850271970033646,0.5453264117240906,0.4270080327987671,0.0008074968936853111
solarflare_tcn_oversampled_logscaled_ws2.h5,18-19,C,0.001223679748363793,0.08184261620044708,0.7989971041679382,0.0593850277364254,0.05855150893330574
solarflare_tcn_oversampled_logscaled_ws2.h5,19-20,C,2.2715996237820946e-05,0.07248804718255997,0.6106489896774292,0.3124026358127594,0.004437613766640425
solarflare_tcn_oversampled_logscaled_ws2.h5,20-21,M,1.9295865172352933e-07,0.007111847400665283,0.4223841428756714,0.5701664090156555,0.000337490375386551
solarflare_tcn_oversampled_logscaled_ws2.h5,21-22,M,7.482007049475214e-07,0.012774402275681496,0.4833102226257324,0.5026781558990479,0.001236415933817625
solarflare_tcn_oversampled_logscaled_ws2.h5,22-23,C,1.539043296361342e-06,0.012805460020899773,0.6391974091529846,0.3463856279850006,0.0016100313514471054
solarflare_tcn_oversampled_logscaled_ws4.h5,0-3,M,6.171247540764924e-12,8.528810440111556e-07,0.0007745878538116813,0.999213457107544,1.1122749128844589e-05
solarflare_tcn_oversampled_logscaled_ws4.h5,1-4,M,6.323209750941361e-12,6.483217021013843e-07,0.0031006322242319584,0.9910212159156799,0.005877575371414423
solarflare_tcn_oversampled_logscaled_ws4.h5,2-5,M,3.000030432409595e-11,1.941142272698926e-06,0.0014289355603978038,0.9985601305961609,8.998935300041921e-06
solarflare_tcn_oversampled_logscaled_ws4.h5,3-6,M,2.925067826842209e-11,5.090973445476266e-06,0.0017296124715358019,0.9982174038887024,4.787192665389739e-05
solarflare_tcn_oversampled_logscaled_ws4.h5,4-7,M,1.7273769220560453e-12,1.2774682423000172e-09,5.5181894822453614e-06,0.9999945163726807,4.061073255456904e-08
solarflare_tcn_oversampled_logscaled_ws4.h5,5-8,X,1.4322442121184054e-09,4.090186394023476e-07,0.0007236745441332459,0.051139652729034424,0.9481362700462341
solarflare_tcn_oversampled_logscaled_ws4.h5,6-9,M,1.2261600204510614e-05,0.00035808709799312055,0.008318401873111725,0.9912882447242737,2.3062772015691735e-05
solarflare_tcn_oversampled_logscaled_ws4.h5,7-10,M,9.089261565620177e-10,3.486036803224124e-06,0.0005429316079244018,0.9994534850120544,1.0855902132789197e-07
solarflare_tcn_oversampled_logscaled_ws4.h5,8-11,M,4.0863656208811605e-11,2.6026409614132717e-06,0.0007159584783948958,0.9991231560707092,0.0001583479024702683
solarflare_tcn_oversampled_logscaled_ws4.h5,9-12,M,6.819100405869305e-12,2.5876370273181237e-06,0.0005925151635892689,0.9993218183517456,8.308522956212983e-05
solarflare_tcn_oversampled_logscaled_ws4.h5,10-13,M,1.7425706710927358e-10,1.5172174244071357e-05,0.0013581982348114252,0.9986124038696289,1.4302161616797093e-05
solarflare_tcn_oversampled_logscaled_ws4.h5,11-14,M,7.070146690324464e-10,3.224814645363949e-05,0.0013922591460868716,0.9985509514808655,2.4548704459448345e-05
solarflare_tcn_oversampled_logscaled_ws4.h5,12-15,M,1.2960776896164816e-09,4.6427794586634263e-05,0.001555275870487094,0.998392641544342,5.535382570087677e-06
solarflare_tcn_oversampled_logscaled_ws4.h5,13-16,M,2.1238203903872765e-11,6.735448096151231e-06,0.0008411334129050374,0.9991369843482971,1.5137613445403986e-05
solarflare_tcn_oversampled_logscaled_ws4.h5,14-17,M,1.651837833183123e-10,1.1184706636413466e-05,0.0008727559470571578,0.9991016387939453,1.4427366295421962e-05
solarflare_tcn_oversampled_logscaled_ws4.h5,15-18,M,4.441903789231816e-10,1.1695249668264296e-05,0.0008636178681626916,0.9990536570549011,7.107920828275383e-05
solarflare_tcn_oversampled_logscaled_ws4.h5,16-19,M,7.436751303657729e-08,0.00017714679415803403,0.0032759523019194603,0.9961724877357483,0.00037445261841639876
solarflare_tcn_oversampled_logscaled_ws4.h5,17-20,M,4.0072909435195925e-09,9.927377686835825e-05,0.0024041375145316124,0.9971309900283813,0.0003655811888165772
solarflare_tcn_oversampled_logscaled_ws4.h5,18-21,M,4.164541975160141e-11,6.4613536778779235e-06,0.001025028177537024,0.9989486336708069,1.993865407712292e-05
solarflare_tcn_oversampled_logscaled_ws4.h5,19-22,M,2.2158340700489942e-12,3.998579813924152e-06,0.000572981545701623,0.9994087219238281,1.4337215361592826e-05
solarflare_tcn_oversampled_logscaled_ws4.h5,20-23,M,1.2706599661349571e-11,8.364563655050006e-06,0.001039596856571734,0.9989210367202759,3.102319533354603e-05
solarflare_tcn_oversampled_logscaled_ws5.h5,0-4,C,2.658921305354056e-09,0.028954308480024338,0.9127192497253418,0.02302411198616028,0.03530231490731239
solarflare_tcn_oversampled_logscaled_ws5.h5,1-5,C,2.4489614780520697e-09,0.028333773836493492,0.8326299786567688,0.00028526020469143987,0.13875094056129456
solarflare_tcn_oversampled_logscaled_ws5.h5,2-6,C,3.3993041714808214e-10,0.03297622501850128,0.9347019791603088,0.010637791827321053,0.02168397419154644
solarflare_tcn_oversampled_logscaled_ws5.h5,3-7,C,3.8324167690007016e-05,0.12841156125068665,0.8182601928710938,0.044246360659599304,0.00904362928122282
solarflare_tcn_oversampled_logscaled_ws5.h5,4-8,M,3.44769013338464e-09,0.00828761886805296,0.13399094343185425,0.857539176940918,0.00018228718545287848
solarflare_tcn_oversampled_logscaled_ws5.h5,5-9,M,3.9231850379470604e-19,5.474898898683023e-06,0.0006077808211557567,0.9993866682052612,2.861427999927002e-13
solarflare_tcn_oversampled_logscaled_ws5.h5,6-10,C,3.807916826303881e-08,0.004635654389858246,0.7971970438957214,0.19816428422927856,2.9286834433150943e-06
solarflare_tcn_oversampled_logscaled_ws5.h5,7-11,X,2.565652664270772e-19,2.4074817694952344e-09,2.8150083153377636e-08,4.552700814373408e-22,1.0
solarflare_tcn_oversampled_logscaled_ws5.h5,8-12,C,1.9903312331592815e-10,0.12708218395709991,0.7252283096313477,0.14543938636779785,0.00225001759827137
solarflare_tcn_oversampled_logscaled_ws5.h5,9-13,C,3.2849827302783297e-09,0.09607759863138199,0.8657453060150146,0.034352127462625504,0.0038249322678893805
solarflare_tcn_oversampled_logscaled_ws5.h5,10-14,C,1.0899884728132747e-07,0.27712130546569824,0.6924871802330017,0.0008656642748974264,0.029525822028517723
solarflare_tcn_oversampled_logscaled_ws5.h5,11-15,C,9.682131540955652e-09,0.2466687113046646,0.7298219799995422,0.020492075011134148,0.003017241368070245
solarflare_tcn_oversampled_logscaled_ws5.h5,12-16,C,7.202092699998275e-09,0.10696607828140259,0.8647624850273132,0.025476565584540367,0.002794848755002022
solarflare_tcn_oversampled_logscaled_ws5.h5,13-17,C,5.003566627692635e-08,0.19192491471767426,0.6045867204666138,4.642224666895345e-05,0.20344197750091553
solarflare_tcn_oversampled_logscaled_ws5.h5,14-18,C,1.1403916921892687e-08,0.3520132601261139,0.6306629180908203,0.004922047723084688,0.012401756830513477
solarflare_tcn_oversampled_logscaled_ws5.h5,15-19,C,1.4778792412073471e-08,0.2609843909740448,0.735143780708313,0.00029216575785540044,0.0035796009469777346
solarflare_tcn_oversampled_logscaled_ws5.h5,16-20,C,2.6456755009007793e-08,0.4158545136451721,0.5777693390846252,0.0009767041774466634,0.005399384535849094
solarflare_tcn_oversampled_logscaled_ws5.h5,17-21,C,9.152162916414852e-10,0.14095252752304077,0.6957373023033142,0.163047656416893,0.00026251128292642534
solarflare_tcn_oversampled_logscaled_ws5.h5,18-22,C,1.4558165339906282e-08,0.11336155980825424,0.8029425144195557,0.08029989898204803,0.003396004671230912
solarflare_tcn_oversampled_logscaled_ws5.h5,19-23,C,2.371933334188725e-07,0.2865084707736969,0.6191003322601318,0.009107825346291065,0.08528310060501099
solarflare_tcn_oversampled_ws2.h5,0-1,No Flare,0.9696742296218872,0.025050612166523933,0.004994618706405163,0.00028035073773935437,1.1291692203485582e-07
solarflare_tcn_oversampled_ws2.h5,1-2,No Flare,0.9082942605018616,0.0777396410703659,0.012030527926981449,0.0019354299874976277,1.637571926949022e-07
solarflare_tcn_oversampled_ws2.h5,2-3,No Flare,0.7114190459251404,0.2376304268836975,0.03407859429717064,0.016870932653546333,1.0393321190349525e-06
solarflare_tcn_oversampled_ws2.h5,3-4,No Flare,0.5448707938194275,0.3871768116950989,0.0406205989420414,0.027330970391631126,8.25601432552503e-07
solarflare_tcn_oversampled_ws2.h5,4-5,B,0.4502616226673126,0.4817056357860565,0.05001420900225639,0.018017752096056938,8.469617114315042e-07
solarflare_tcn_oversampled_ws2.h5,5-6,B,0.3213293254375458,0.5537669658660889,0.08583206683397293,0.03906852379441261,3.055906972804223e-06
solarflare_tcn_oversampled_ws2.h5,6-7,No Flare,0.9999810457229614,1.8665265088202432e-05,2.9760519737465074e-07,3.914104873548041e-10,3.415520362197444e-13
solarflare_tcn_oversampled_ws2.h5,7-8,No Flare,0.9998207688331604,0.00017547934839967638,3.762173264476587e-06,2.793660918917751e-12,3.920593982797982e-08
solarflare_tcn_oversampled_ws2.h5,8-9,No Flare,0.997806966304779,0.002113807015120983,7.752399687888101e-05,1.7067441149265505e-06,1.8804879875489178e-10
solarflare_tcn_oversampled_ws2.h5,9-10,No Flare,0.7026277184486389,0.2841140329837799,0.009425908327102661,0.003832355374470353,2.952969246905468e-08
solarflare_tcn_oversampled_ws2.h5,10-11,No Flare,0.9173001646995544,0.07829034328460693,0.003192940726876259,0.0012165807420387864,5.188775986653127e-08
solarflare_tcn_oversampled_ws2.h5,11-12,B,0.2714221179485321,0.5530490875244141,0.05715477466583252,0.11837339401245117,5.665319804393221e-07
solarflare_tcn_oversampled_ws2.h5,12-13,No Flare,0.7728044390678406,0.20487987995147705,0.014175636693835258,0.008139897137880325,2.1252949977679236e-07
solarflare_tcn_oversampled_ws2.h5,13-14,No Flare,0.8214371204376221,0.16878612339496613,0.008631682954728603,0.001145071117207408,3.8778349420454106e-08
solarflare_tcn_oversampled_ws2.h5,14-15,No Flare,0.8862791061401367,0.10501956939697266,0.006628987845033407,0.0020724034402519464,4.227264582823409e-08
solarflare_tcn_oversampled_ws2.h5,15-16,No Flare,0.620396614074707,0.24926221370697021,0.0749095156788826,0.05542596057057381,5.66330845686025e-06
solarflare_tcn_oversampled_ws2.h5,16-17,No Flare,0.9920976161956787,0.007259974721819162,0.0006173706497065723,2.5073248252738267e-05,9.427738589806722e-09
solarflare_tcn_oversampled_ws2.h5,17-18,No Flare,0.9908536672592163,0.008389400318264961,0.0007327325874939561,2.4142698748619296e-05,1.3428074652210853e-08
solarflare_tcn_oversampled_ws2.h5,18-19,No Flare,0.9964375495910645,0.0033227065578103065,0.00023907600552774966,6.749914405190793e-07,3.1797549038259376e-09
solarflare_tcn_oversampled_ws2.h5,19-20,B,0.09704546630382538,0.8304094076156616,0.06434177607297897,0.008202223107218742,1.2187033462396357e-06
solarflare_tcn_oversampled_ws2.h5,20-21,No Flare,0.7125349640846252,0.2656284272670746,0.019229749217629433,0.0026059888768941164,8.746317803343118e-07
solarflare_tcn_oversampled_ws2.h5,21-22,B,0.11105028539896011,0.6824910640716553,0.10853065550327301,0.09791365265846252,1.4318645298772026e-05
solarflare_tcn_oversampled_ws2.h5,22-23,B,0.35630345344543457,0.5666441321372986,0.035886917263269424,0.041164033114910126,1.3858116290066391e-06
solarflare_tcn_oversampled_ws4.h5,0-3,M,2.70381454855681e-13,9.791164075068082e-07,7.990210724528879e-05,0.9999191761016846,7.909582988574471e-10
solarflare_tcn_oversampled_ws4.h5,1-4,M,7.440482149671801e-13,2.2154811176733347e-06,7.261550490511581e-05,0.9999251365661621,9.608295270524536e-10
solarflare_tcn_oversampled_ws4.h5,2-5,M,1.1958399765213401e-12,1.1364692909410223e-05,0.00010778901923913509,0.9998809099197388,2.0718560200805314e-10
solarflare_tcn_oversampled_ws4.h5,3-6,M,3.941508577853803e-12,1.9600016457843594e-05,0.00029424583772197366,0.9996862411499023,9.55838963534461e-10
solarflare_tcn_oversampled_ws4.h5,4-7,No Flare,0.9881290793418884,5.180420998840418e-07,0.01170969009399414,7.772718163323589e-06,0.00015302543761208653
solarflare_tcn_oversampled_ws4.h5,5-8,M,9.708873221825343e-06,7.050431304378435e-05,7.519792234234046e-06,0.9637780785560608,0.036134250462055206
solarflare_tcn_oversampled_ws4.h5,6-9,M,3.1546319369832825e-17,3.971542355429847e-06,1.849408909038175e-05,0.9999775886535645,1.836103972622225e-18
solarflare_tcn_oversampled_ws4.h5,7-10,M,1.43472386748833e-10,0.0004318573628552258,0.0004886295646429062,0.9990794658660889,3.4475213482598743e-12
solarflare_tcn_oversampled_ws4.h5,8-11,M,2.2988130496393033e-11,6.899151230754796e-06,3.969187673646957e-05,0.9999533891677856,3.87540755042437e-09
solarflare_tcn_oversampled_ws4.h5,9-12,M,1.0804516135942688e-11,1.1263115084148012e-05,2.339775164728053e-05,0.9999654293060303,6.723760992422001e-10
solarflare_tcn_oversampled_ws4.h5,10-13,M,4.172682685488205e-11,1.5790048564667813e-05,1.027485905069625e-05,0.9999740123748779,1.6307900863044011e-10
solarflare_tcn_oversampled_ws4.h5,11-14,M,2.5811455750535117e-10,0.00012331896869000047,6.367621972458437e-05,0.9998130202293396,7.300648974251089e-10
solarflare_tcn_oversampled_ws4.h5,12-15,M,4.17913793848701e-12,1.549519583932124e-05,1.4723777894687373e-05,0.9999697208404541,1.4700721542859618e-11
solarflare_tcn_oversampled_ws4.h5,13-16,M,9.39681167079487e-13,4.378582616482163e-06,9.257797501049936e-06,0.9999862909317017,1.472973479299533e-11
solarflare_tcn_oversampled_ws4.h5,14-17,M,8.761952274838336e-11,1.0318046406609938e-05,4.001506113127107e-06,0.9999855756759644,3.2974112329497984e-10
solarflare_tcn_oversampled_ws4.h5,15-18,M,1.9661644534707534e-10,1.6336518456228077e-05,1.2782169505953789e-05,0.9999709129333496,6.607574487560441e-09
solarflare_tcn_oversampled_ws4.h5,16-19,M,3.711183582666422e-10,3.6573794204741716e-05,2.9743730920017697e-05,0.9999336004257202,6.928899232150343e-09
solarflare_tcn_oversampled_ws4.h5,17-20,M,1.594366028090377e-10,1.9781531591434032e-05,1.740105653880164e-05,0.9999628067016602,3.2215816681002707e-09
solarflare_tcn_oversampled_ws4.h5,18-21,M,1.9881433305224405e-11,9.663386663305573e-06,2.4223654691013508e-05,0.9999661445617676,1.4321793750937672e-09
solarflare_tcn_oversampled_ws4.h5,19-22,M,9.849456319988015e-12,8.83021766640013e-06,1.2078066902176943e-05,0.9999791383743286,6.427738202807731e-11
solarflare_tcn_oversampled_ws4.h5,20-23,M,3.3461386439448404e-11,6.977308657951653e-06,1.2715502634819131e-05,0.9999802112579346,6.598514512567988e-10
solarflare_tcn_oversampled_ws5.h5,0-4,M,2.0450562901105918e-13,0.00024185629445128143,0.09345049411058426,0.906307578086853,4.4673952037666e-12
solarflare_tcn_oversampled_ws5.h5,1-5,M,1.0947370614189378e-11,0.0014776579337194562,0.16349072754383087,0.8350316882133484,7.511023053519139e-11
solarflare_tcn_oversampled_ws5.h5,2-6,M,2.7115579204727014e-13,0.00024955300614237785,0.0852736160159111,0.9144768714904785,1.2336206708929431e-11
solarflare_tcn_oversampled_ws5.h5,3-7,M,1.3001737464435337e-08,0.01723773591220379,0.41606760025024414,0.5666946172714233,1.324299558902453e-10
solarflare_tcn_oversampled_ws5.h5,4-8,M,2.1525855231629976e-07,0.04709836468100548,0.20355363190174103,0.7493477463722229,1.0275107342749834e-07
solarflare_tcn_oversampled_ws5.h5,5-9,M,8.86029100919277e-21,1.2472997923396179e-07,0.002579968888312578,0.9974199533462524,7.659325927832099e-19
solarflare_tcn_oversampled_ws5.h5,6-10,M,3.070476815511536e-12,0.003472491865977645,0.3704143166542053,0.6261131763458252,2.731540139206106e-14
solarflare_tcn_oversampled_ws5.h5,7-11,No Flare,0.9885547757148743,0.009905814193189144,0.0015100572491064668,2.8994989406783134e-05,2.9804326118210156e-07
solarflare_tcn_oversampled_ws5.h5,8-12,M,5.734359927005162e-13,0.0006688033463433385,0.08206471800804138,0.9172665476799011,2.747151030962902e-12
solarflare_tcn_oversampled_ws5.h5,9-13,M,2.34164198448239e-11,0.0017447107238695025,0.1142125278711319,0.8840427994728088,4.409175802244647e-11
solarflare_tcn_oversampled_ws5.h5,10-14,M,3.46198341105719e-08,0.06512633711099625,0.34577280282974243,0.5891008377075195,7.183682537714731e-09
solarflare_tcn_oversampled_ws5.h5,11-15,M,3.4797972836564384e-10,0.007077706512063742,0.18268632888793945,0.8102359175682068,3.6813618820019656e-10
solarflare_tcn_oversampled_ws5.h5,12-16,M,1.113446747996738e-11,0.0014714079443365335,0.09164741635322571,0.9068812727928162,5.670998740048283e-11
solarflare_tcn_oversampled_ws5.h5,13-17,M,1.0305990727488279e-08,0.022432414814829826,0.1848677545785904,0.7926998138427734,1.174872732434551e-08
solarflare_tcn_oversampled_ws5.h5,14-18,M,4.647726647988293e-10,0.008550180122256279,0.15531696379184723,0.836132824420929,1.4317917962358706e-09
solarflare_tcn_oversampled_ws5.h5,15-19,M,5.743103770328162e-09,0.015581323765218258,0.24403540790081024,0.7403832674026489,6.531988727687121e-09
solarflare_tcn_oversampled_ws5.h5,16-20,M,8.696920267281527e-11,0.0025605359114706516,0.079921655356884,0.9175178408622742,2.2627657525475797e-09
solarflare_tcn_oversampled_ws5.h5,17-21,M,5.130540225517857e-14,0.00010367632057750598,0.032509639859199524,0.9673867225646973,9.035993307759949e-12
solarflare_tcn_oversampled_ws5.h5,18-22,M,8.663366790444271e-13,0.0001938724162755534,0.06349403411149979,0.9363120794296265,3.3687105188695554e-11
solarflare_tcn_oversampled_ws5.h5,19-23,M,2.4415998736704303e-11,0.0015257552731782198,0.08048044145107269,0.9179937839508057,2.7780178157854607e-10
